{
    "cost": 0.0011,
    "Intent": "navigational",
    "Probability": 0.9175507,
    "time": 0.9022059440612793
}